/sound/index.{html} /sound/
/private/other/a/index.{html} /private/other/a/
/private/other/anymore/index.{html} /private/other/anymore/
/private/other/the-very-same-point/index.{html} /private/other/the-very-same-point/
/private/other/timely-beignet/index.{html} /private/other/timely-beignet/
/private/other/another/index.{html} /private/other/another/
/private/other/apologies/index.{html} /private/other/apologies/
/index.html /
/about/index.{html} /about/
/code/index.{html} /code/
/dates/index.{html} /dates/
